﻿<?xml version="1.0" encoding="utf-8"?>
<feeds>
  <feed>
    <id>1</id>
    <name>Oneda</name>
    <url>http://feeds.feedburner.com/oneda</url>
  </feed>
  <feed>
    <id>2</id>
    <name>Liha de Código - Artigos</name>
    <url>http://www.linhadecodigo.com.br/RSSArtigos.aspx</url>
  </feed>
  <feed>
    <id>3</id>
    <name>MSDN Brasil - Destaques</name>
    <url>http://msdn.microsoft.com/globalrss/rssaggregator_mtps.aspx?opml=/globalrss/pt-br/global-MSDN-pt-br.opml</url>
  </feed>
</feeds>